id,score,wins,losses,n_comparisons,content_integrity,content_ratio,content_length,one_sentence_description,content_type,business_sector,technical_content,information_density,content_quality,audience_level,commercial_bias,time_sensitivity,content_safety,educational_value,reasoning_indicators,pii_presence,regional_relevance,country_relevance,full_doc_lid_score,full_doc_lid,duplicate_count,minhash_cluster_size,finepdfs_id
<urn:uuid:7c044e03-96f0-4cef-8bf5-a718dd55dc39>,1.0,2,0,2,complete,complete_content,brief,Press release from Swedish bank SBAB announcing a reduction in two-year home loan interest rates.,"[press_release, news_report, structured_data]",[financial_services],[basic_technical],dense,good,general,heavy,time_sensitive,safe,minimal,explanatory,contains_pii,[european],[sweden],1.0000096559524536,swe_Latn,0,1,<urn:uuid:7c044e03-96f0-4cef-8bf5-a718dd55dc39>
3e0fe183-d43e-4e18-bd42-049cadc3624b,0.9667,4,0,4,complete,complete_content,substantial,A 1995 program document detailing the Swedish nuclear fuel waste management strategy for encapsulation and geological disposal.,"[analytical, technical_documentation]","[energy_utilities, government_public, environmental_services]","[scientific, engineering]",dense,excellent,expert,none,slowly_changing,safe,basic,analytical,no_pii,[european],[sweden],1.000009536743164,swe_Latn,0,1,3e0fe183-d43e-4e18-bd42-049cadc3624b
<urn:uuid:4540556c-7f63-4e62-9d73-afd0ff3ca7b3>,0.9423,4,0,4,complete,complete_content,moderate,Annual financial report for the Swedish fiber optic association Vsterhejde Fiber Ekonomisk Frening for the 2014 financial year.,"[legal_document, structured_data]","[telecommunications, financial_services]",[data_heavy],dense,excellent,advanced,none,evergreen,safe,minimal,explanatory,no_pii,[european],[sweden],1.0000098943710327,swe_Latn,0,1,<urn:uuid:4540556c-7f63-4e62-9d73-afd0ff3ca7b3>
<urn:uuid:8b1f8f5d-aee9-4be0-bfe2-36e43181246e>,0.9418,2,0,2,complete,complete_content,substantial,Literature review analyzing the stigma and social experiences of patients with Hepatitis C.,"[analytical, reference]","[academic_research, healthcare_medical]",[scientific],dense,excellent,expert,none,slowly_changing,safe,high,analytical,no_pii,[global],"[united_states, australia, canada, italy, ireland, united_kingdom]",0.9999946355819702,swe_Latn,0,1,<urn:uuid:8b1f8f5d-aee9-4be0-bfe2-36e43181246e>
<urn:uuid:dfbf6c2f-a5f0-478d-b2fd-b857cd730800>,0.9292,6,0,6,complete,complete_content,moderate,Summary of a Swedish government commission's 2020 report on sexual crime legislation and proposed criminal law changes.,"[analytical, legal_document]","[government_public, legal_services]",[non_technical],dense,excellent,advanced,none,slowly_changing,safe,moderate,analytical,no_pii,[european],[sweden],1.000009298324585,swe_Latn,0,1,<urn:uuid:dfbf6c2f-a5f0-478d-b2fd-b857cd730800>
<urn:uuid:089a9eb5-b8a0-40fc-a78e-2d2749b12c57>,0.8784,5,1,6,complete,complete_content,minimal,Tables listing water and sewage usage fees and special charges for residents of Klippans municipality.,"[structured_data, reference, legal_document]","[government_public, energy_utilities]",[non_technical],dense,good,general,none,regularly_updating,safe,none,none,no_pii,[european],[sweden],1.0000100135803223,swe_Latn,1,1,<urn:uuid:089a9eb5-b8a0-40fc-a78e-2d2749b12c57>
<urn:uuid:6ae9f8f3-e889-407f-b324-061e265abfdd>,0.8781,4,0,4,complete,complete_content,moderate,Policy document outlining strategies to prevent and address discrimination and harassment in a Swedish kindergarten.,"[procedural, boilerplate, legal_document]","[education_sector, government_public]",[non_technical],adequate,good,general,none,slowly_changing,safe,moderate,explanatory,no_pii,[european],[sweden],1.0000098943710327,swe_Latn,0,2,<urn:uuid:6ae9f8f3-e889-407f-b324-061e265abfdd>
<urn:uuid:2ab29baa-2947-402f-945e-26ddaf89663d>,0.8781,4,0,4,fragment,complete_content,brief,Instructions for programming and configuring various wireless motion and light sensors for a building automation system.,"[instructional, procedural, technical_documentation]","[hardware_electronics, technology_software, real_estate_construction]","[engineering, basic_technical]",dense,adequate,advanced,none,slowly_changing,safe,moderate,minimal,no_pii,[culturally_neutral],[none],1.0000096559524536,swe_Latn,0,1,<urn:uuid:2ab29baa-2947-402f-945e-26ddaf89663d>
<urn:uuid:edcee736-9aaf-4172-8843-428021bab1f3>,0.8653,4,0,4,complete,complete_content,brief,Privacy policy for ,"[boilerplate, legal_document]","[government_public, legal_services]",[non_technical],adequate,good,general,none,slowly_changing,safe,basic,explanatory,contains_pii,[european],[sweden],1.0000100135803223,swe_Latn,0,1,<urn:uuid:edcee736-9aaf-4172-8843-428021bab1f3>
<urn:uuid:7b714145-6f11-46d9-84ed-c012fecccec3>,0.8576,2,0,2,complete,complete_content,moderate,"Technical water supply and sanitation plan for a residential development in Grnland, Sweden.","[technical_documentation, specification_standard, analytical]","[real_estate_construction, government_public, energy_utilities]","[engineering, data_heavy]",dense,excellent,expert,none,slowly_changing,safe,basic,analytical,no_pii,[european],[sweden],1.0000096559524536,swe_Latn,0,1,<urn:uuid:7b714145-6f11-46d9-84ed-c012fecccec3>
<urn:uuid:1d97a611-b3e4-4709-a3c5-bd8212d43fcc>,0.8242,4,0,4,complete,complete_content,brief,"A formal letter from parents in Lule, Sweden, opposing a proposed school structural change.","[opinion_editorial, analytical]","[government_public, education_sector]",[non_technical],adequate,good,general,none,time_sensitive,safe,minimal,explanatory,contains_pii,[european],[sweden],1.0000100135803223,swe_Latn,0,1,<urn:uuid:1d97a611-b3e4-4709-a3c5-bd8212d43fcc>
<urn:uuid:05bba2ec-d0e5-45da-a945-e4bb97197fff>,0.8009,5,1,6,complete,complete_content,brief,Annual report summarizing the board composition and activities of the S6dra Mellby church community center in 2019.,[news_report],[nonprofit_ngo],[non_technical],adequate,good,general,none,time_sensitive,safe,none,none,contains_pii,[european],[sweden],1.0000091791152954,swe_Latn,1,1,<urn:uuid:05bba2ec-d0e5-45da-a945-e4bb97197fff>
<urn:uuid:003b912f-9d87-41e9-9fc7-a0ab5224fc4d>,0.7958,4,0,4,complete,complete_content,brief,Summary of researcher Carol Adams' analysis explaining the psychological motivations behind men's violence towards family pets.,"[analytical, instructional]","[academic_research, legal_services, general_interest]",[non_technical],dense,good,general,none,evergreen,safe,moderate,explanatory,no_pii,[global],[none],1.0000100135803223,swe_Latn,0,1,<urn:uuid:003b912f-9d87-41e9-9fc7-a0ab5224fc4d>
<urn:uuid:93aaa319-e33e-42de-981a-f1b25265c4fb>,0.7958,4,0,4,complete,complete_content,brief,A Swedish school story about four teenagers rejecting a stranger's cigarette offer.,[creative],"[education_sector, media_entertainment]",[non_technical],adequate,good,youth,none,evergreen,safe,basic,basic_reasoning,no_pii,[european],[sweden],1.0000094175338745,swe_Latn,0,1,<urn:uuid:93aaa319-e33e-42de-981a-f1b25265c4fb>
<urn:uuid:01cbf461-5633-46b5-9272-1a00966b5439>,0.764,5,1,6,complete,complete_content,brief,Safety guide providing instructions for safely grilling and using open fire in various settings.,"[instructional, procedural, reference]",[general_interest],[non_technical],dense,good,general,none,slowly_changing,safe,moderate,explanatory,no_pii,[european],[sweden],1.0000094175338745,swe_Latn,2,1,<urn:uuid:01cbf461-5633-46b5-9272-1a00966b5439>
<urn:uuid:a94f7a19-9f5d-4a8a-9d33-2f2c0a686e25>,0.7561,3,1,4,mostly_complete,complete_content,brief,Swedish math textbook chapter test on geometry and volume calculations with corresponding answer key.,"[instructional, qa_structured, reference]",[education_sector],[math_heavy],adequate,adequate,youth,none,evergreen,safe,high,minimal,no_pii,[european],[sweden],1.0000087022781372,swe_Latn,1,1,<urn:uuid:a94f7a19-9f5d-4a8a-9d33-2f2c0a686e25>
<urn:uuid:e33308b9-7ad4-4274-993e-86755272a00b>,0.7513,6,2,8,complete,complete_content,minimal,Swedish government decree amending regulations for state contributions to organizations formed on ethnic grounds.,[legal_document],"[government_public, legal_services]",[non_technical],dense,excellent,expert,none,slowly_changing,safe,none,none,no_pii,[european],[sweden],1.0000056028366089,swe_Latn,0,1,<urn:uuid:e33308b9-7ad4-4274-993e-86755272a00b>
0e5e47d2-04ae-4dff-9c92-65679abc3d4d,0.736,2,0,2,complete,complete_content,brief,Proposal outlining the transfer of sewage connections to the                                                                                                                                            ,"[procedural, technical_documentation, structured_data]","[government_public, energy_utilities, real_estate_construction]",[engineering],dense,good,expert,none,time_sensitive,safe,none,minimal,contains_pii,[european],[sweden],1.0000081062316895,swe_Latn,0,1,0e5e47d2-04ae-4dff-9c92-65679abc3d4d
<urn:uuid:63c35f9e-80ed-4bd5-98c5-798cbcb5bee5>,0.736,2,0,2,severely_degraded,complete_content,moderate,Corrupted Swedish text combining medical literature snippets on anxiety disorders with organizational and financial commentary.,"[analytical, instructional]","[healthcare_medical, academic_research, financial_services, insurance_industry]",[scientific],thin,unacceptable,expert,moderate,slowly_changing,safe,minimal,minimal,no_pii,[global],[none],1.0000088214874268,swe_Latn,0,1,<urn:uuid:63c35f9e-80ed-4bd5-98c5-798cbcb5bee5>
<urn:uuid:6331ec5a-d95d-4ced-ad33-61350401dc3b>,0.736,2,0,2,complete,complete_content,moderate,"Checklist and reference guide for organizing film festival screenings, covering venue surveys, technical specifications, and distribution formats.","[procedural, reference, instructional]","[media_entertainment, technology_software]",[basic_technical],dense,good,advanced,none,slowly_changing,safe,moderate,explanatory,no_pii,[european],[sweden],1.0000042915344238,swe_Latn,2,1,<urn:uuid:6331ec5a-d95d-4ced-ad33-61350401dc3b>
<urn:uuid:60aa1aa2-33a1-44d5-9102-461ef4d027c4>,0.736,2,0,2,complete,complete_content,brief,Government decision establishing budget rules and funding for the Swedish Accounting Board for the year 2020.,"[legal_document, specification_standard]","[government_public, financial_services]",[basic_technical],dense,excellent,expert,none,time_sensitive,safe,none,none,no_pii,[european],[sweden],1.0000022649765015,swe_Latn,0,1,<urn:uuid:60aa1aa2-33a1-44d5-9102-461ef4d027c4>
<urn:uuid:38e830b1-bdd5-448c-855c-4cc13d017943>,0.736,2,0,2,complete,complete_content,brief,Official protocol of a Swedish parliamentary vote on proposed amendments to the value-added system and clearing activities.,"[legal_document, procedural]","[government_public, financial_services]",[non_technical],dense,excellent,expert,none,evergreen,safe,none,none,no_pii,[european],[sweden],0.9999855756759644,swe_Latn,0,1,<urn:uuid:38e830b1-bdd5-448c-855c-4cc13d017943>
<urn:uuid:8ea18def-3a8d-4601-a7b1-8f007efd0751>,0.736,2,0,2,complete,complete_content,brief,A municipal council member's questions to the aging committee regarding serious violations at private nursing homes in Uppsala.,"[opinion_editorial, press_release]","[government_public, healthcare_medical]",[non_technical],adequate,good,general,none,time_sensitive,safe,minimal,basic_reasoning,no_pii,[european],[sweden],1.0000088214874268,swe_Latn,0,1,<urn:uuid:8ea18def-3a8d-4601-a7b1-8f007efd0751>
<urn:uuid:6cfaf639-4b11-470c-a207-5f0a1ddb995c>,0.736,2,0,2,complete,complete_content,substantial,Official guide from rebro County Council on the procedure for seeking environmental permits for industrial activities.,"[procedural, instructional, reference, legal_document]","[government_public, legal_services, environmental_services, manufacturing_industrial]",[basic_technical],dense,excellent,advanced,none,slowly_changing,safe,high,explanatory,no_pii,[european],[sweden],1.0000098943710327,swe_Latn,0,2,<urn:uuid:6cfaf639-4b11-470c-a207-5f0a1ddb995c>
<urn:uuid:a676671f-481e-4802-9a6a-9b66b09631ab>,0.736,2,0,2,fragment,mostly_content,moderate,"A collection of texts and metadata about Saint Birgitta of Sweden, a medieval Swedish saint.","[reference, review_critique, news_report, structured_data]","[academic_research, general_interest, nonprofit_ngo]",[non_technical],moderate,adequate,general,minimal,evergreen,safe,basic,minimal,no_pii,[european],"[sweden, italy]",1.0000054836273193,swe_Latn,0,1,<urn:uuid:a676671f-481e-4802-9a6a-9b66b09631ab>
59b9527b-7cc4-43fe-9129-410a8be72cdb,0.736,2,0,2,complete,complete_content,substantial,A C-uppsats evaluating a mobile user interface for visualizing personal data in a cloud project.,"[analytical, technical_documentation]","[academic_research, technology_software]","[code_heavy, scientific]",dense,excellent,advanced,none,slowly_changing,safe,high,analytical,no_pii,[european],[sweden],0.9999133348464966,swe_Latn,0,1,59b9527b-7cc4-43fe-9129-410a8be72cdb
<urn:uuid:41e6b553-8c9a-48ca-9151-a7c7b3dff5e7>,0.736,2,0,2,complete,complete_content,brief,"Promotional page for a guided wooden canoe tour in Tiveden, Sweden, detailing the itinerary and participation requirements.",[transactional],[hospitality_tourism],[non_technical],adequate,good,general,heavy,regularly_updating,safe,minimal,minimal,contains_pii,[european],[sweden],1.0000098943710327,swe_Latn,0,1,<urn:uuid:41e6b553-8c9a-48ca-9151-a7c7b3dff5e7>
a7bd6e1a-e145-47d7-9ba7-a1abbcdfa6cc,0.736,2,0,2,complete,complete_content,moderate,"Meeting minutes from the 2019 Stockholm Skrgrd Council discussing business challenges, broadband, and regional development strategies.","[procedural, analytical]","[government_public, consulting_professional, transportation_logistics]",[basic_technical],dense,good,advanced,none,time_sensitive,safe,minimal,explanatory,no_pii,[european],[sweden],1.000009298324585,swe_Latn,0,1,a7bd6e1a-e145-47d7-9ba7-a1abbcdfa6cc
<urn:uuid:f753b777-26c2-47fe-b65f-c208eb9dcbd3>,0.736,2,0,2,complete,mostly_content,brief,Formal comment from Sweden's Environment Agency to the EU regarding proposed regulations on plant protection products.,"[legal_document, analytical, opinion_editorial]","[government_public, agriculture_food, chemicals_materials]",[basic_technical],dense,excellent,expert,none,time_sensitive,safe,minimal,analytical,no_pii,[european],"[sweden, supranational]",1.000009536743164,swe_Latn,0,1,<urn:uuid:f753b777-26c2-47fe-b65f-c208eb9dcbd3>
<urn:uuid:fe814cec-22a5-4694-b5b1-0e93bcbf890d>,0.7276,4,2,6,complete,complete_content,brief,Swedish educational activity guide for elementary school students about building stable structures using simple mechanics.,"[instructional, procedural]",[education_sector],[basic_technical],dense,good,general,none,evergreen,safe,high,explanatory,no_pii,[european],[sweden],1.0000098943710327,swe_Latn,0,1,<urn:uuid:fe814cec-22a5-4694-b5b1-0e93bcbf890d>
63f153e4-2e57-44ae-8e15-1e400085e132,0.7273,5,1,6,complete,complete_content,brief,Case study detailing a Swedish photographer's workflow and his choice of Canon photography printers.,"[analytical, review_critique]","[media_entertainment, hardware_electronics, advertising_marketing]",[basic_technical],adequate,good,general,heavy,slowly_changing,safe,basic,explanatory,no_pii,"[european, north_american, sub_saharan_african]","[sweden, united_states, france, united_kingdom, south_africa]",1.0000098943710327,swe_Latn,0,1,63f153e4-2e57-44ae-8e15-1e400085e132
<urn:uuid:4b4202b6-f20b-4681-923f-b2b9e4f3c89f>,0.7219,2,0,2,complete,complete_content,brief,"Minutes from a meeting discussing sediment quality criteria, risk assessment methodologies, and management strategies for contaminated sites in Sweden.","[procedural, analytical]","[environmental_services, government_public, consulting_professional]","[scientific, engineering]",dense,good,expert,none,slowly_changing,safe,moderate,analytical,no_pii,[european],[sweden],1.0000072717666626,swe_Latn,0,1,<urn:uuid:4b4202b6-f20b-4681-923f-b2b9e4f3c89f>
<urn:uuid:db24689d-8281-4a26-adde-268f58ae56ab>,0.7219,2,0,2,complete,complete_content,moderate,Communication plan for the Swedish university Mittuniversitetet outlining strategies for 2019-2023.,"[analytical, procedural]","[education_sector, government_public]",[non_technical],adequate,good,advanced,none,slowly_changing,safe,minimal,explanatory,no_pii,[european],[sweden],1.0000100135803223,swe_Latn,0,1,<urn:uuid:db24689d-8281-4a26-adde-268f58ae56ab>
<urn:uuid:8ad00649-08ce-48ee-9e5c-125acce763ae>,0.7214,4,0,4,complete,complete_content,moderate,Decision by the Swedish Medicines Formulary Committee on including the drug Revlimid for treatment of multiple myeloma.,"[legal_document, analytical]","[healthcare_medical, government_public, pharmaceutical_biotech]","[scientific, data_heavy]",dense,excellent,expert,none,slowly_changing,safe,basic,analytical,no_pii,[european],[sweden],1.0000094175338745,swe_Latn,0,3,<urn:uuid:8ad00649-08ce-48ee-9e5c-125acce763ae>
<urn:uuid:eb321457-c22f-49c6-8a67-7c4f09ad8f19>,0.7062,2,2,4,complete,complete_content,brief,A Swedish parliamentary motion proposing amendments to the Electronic Communications Act regarding data retention periods for criminal investigations.,"[legal_document, opinion_editorial]","[government_public, legal_services]",[non_technical],dense,excellent,expert,none,time_sensitive,safe,minimal,analytical,no_pii,[european],[sweden],1.0000094175338745,swe_Latn,0,1,<urn:uuid:eb321457-c22f-49c6-8a67-7c4f09ad8f19>
6333ebfe-8035-4a4e-a213-5ea0f7449814,0.6993,2,2,4,complete,complete_content,minimal,Invitation to a guided tree walk and garden tour at the Vsthaga nature reserve in Sweden.,[press_release],"[environmental_services, hospitality_tourism, nonprofit_ngo]",[non_technical],dense,good,general,minimal,time_sensitive,safe,basic,basic_reasoning,no_pii,[european],[sweden],1.0000097751617432,swe_Latn,0,1,6333ebfe-8035-4a4e-a213-5ea0f7449814
2514ffad-95b0-44d4-ae8a-84af432620ce,0.6935,2,0,2,complete,complete_content,brief,A political party's proposal outlines realistic solutions for tunnel construction in Sweden to mitigate traffic and environmental impacts.,"[opinion_editorial, analytical]","[government_public, transportation_logistics, real_estate_construction]",[basic_technical],dense,good,general,none,slowly_changing,safe,basic,explanatory,no_pii,[european],[sweden],1.0000091791152954,swe_Latn,0,1,2514ffad-95b0-44d4-ae8a-84af432620ce
<urn:uuid:aa23c3f6-0c8c-4f1d-b205-3cc0db648179>,0.69,2,2,4,complete,complete_content,moderate,"Minutes from a Swedish equestrian club's board meeting discussing activities, finances, and personnel.",[procedural],"[nonprofit_ngo, general_interest]",[non_technical],dense,good,general,none,time_sensitive,safe,none,minimal,contains_pii,[european],[sweden],1.0000019073486328,swe_Latn,0,1,<urn:uuid:aa23c3f6-0c8c-4f1d-b205-3cc0db648179>
<urn:uuid:d560d65b-f61b-41a2-85a4-e6a97e698d73>,0.6831,1,1,2,complete,complete_content,brief,Instructions from a Swedish plant protection center for first-time graders on how to assess and report on crops.,"[instructional, procedural]","[agriculture_food, government_public]",[scientific],dense,good,beginner,none,time_sensitive,safe,moderate,explanatory,contains_pii,[european],[sweden],1.0000046491622925,swe_Latn,0,1,<urn:uuid:d560d65b-f61b-41a2-85a4-e6a97e698d73>
<urn:uuid:2f9d43d5-82a7-4404-8302-100378a31470>,0.6776,1,1,2,complete,complete_content,brief,"Minutes from a Swedish parent committee meeting discussing school administration, budget, and community activities.",[procedural],"[education_sector, nonprofit_ngo]",[non_technical],adequate,good,general,none,time_sensitive,safe,none,minimal,contains_pii,[european],[sweden],1.0000079870224,swe_Latn,1,1,<urn:uuid:2f9d43d5-82a7-4404-8302-100378a31470>
<urn:uuid:96e8b1b4-3e32-45c5-911f-5a47e8d5d5d2>,0.6701,2,0,2,complete,complete_content,brief,"Job advertisement for a skilled worker in construction services in Malm6, Sweden.",[transactional],[real_estate_construction],[non_technical],adequate,good,general,moderate,time_sensitive,safe,none,none,contains_pii,[european],[sweden],1.0000100135803223,swe_Latn,0,2,<urn:uuid:96e8b1b4-3e32-45c5-911f-5a47e8d5d5d2>
<urn:uuid:8a07ced8-9418-493d-ba3e-207e3a62dce2>,0.6701,2,0,2,complete,mostly_content,minimal,Product description for a KZ brand gutter connector with optional features and contact information.,"[transactional, reference]","[manufacturing_industrial, real_estate_construction]",[basic_technical],dense,adequate,general,heavy,slowly_changing,safe,none,none,no_pii,[european],[sweden],0.9994745850563049,swe_Latn,1,1,<urn:uuid:8a07ced8-9418-493d-ba3e-207e3a62dce2>
<urn:uuid:2c210207-e483-431d-86ec-cc9fea270d5f>,0.6645,3,1,4,complete,complete_content,brief,Announcement and packing list for the 2023 ASLS kick-off event for children's swimming teams in Sweden.,"[procedural, reference]","[nonprofit_ngo, general_interest]",[non_technical],dense,good,general,none,time_sensitive,safe,none,none,contains_pii,[european],[sweden],0.9999916553497314,swe_Latn,0,1,<urn:uuid:2c210207-e483-431d-86ec-cc9fea270d5f>
<urn:uuid:e50c4db4-2fa6-459f-b0be-3a5bb5f0dce2>,0.6579,1,1,2,complete,complete_content,moderate,Official guidelines for assessing student learning in household economics for grades 7-9 in Sweden.,"[specification_standard, instructional, reference]","[education_sector, government_public]",[non_technical],dense,excellent,expert,none,slowly_changing,safe,high,explanatory,no_pii,[european],[sweden],1.0000100135803223,swe_Latn,0,1,<urn:uuid:e50c4db4-2fa6-459f-b0be-3a5bb5f0dce2>
eeab57dc-c3a2-4280-ac3a-02c2592136b4,0.6502,3,1,4,complete,complete_content,substantial,A strategic plan for establishing a Swedish public support platform for graphene and other 2D materials in biotechnology.,"[analytical, instructional, opinion_editorial]","[academic_research, healthcare_medical, pharmaceutical_biotech, government_public, hardware_electronics]","[scientific, basic_technical]",dense,excellent,advanced,none,regularly_updating,safe,moderate,analytical,no_pii,[european],[sweden],1.0000094175338745,swe_Latn,0,1,eeab57dc-c3a2-4280-ac3a-02c2592136b4
<urn:uuid:5b9161fa-9c0f-4c43-9358-f7e5ae93e273>,0.6499,2,0,2,fragment,complete_content,moderate,"A collection of disconnected Swedish text fragments about art, travel, and culture, primarily referencing Robert Rauschenberg.","[analytical, review_critique, news_report, creative]","[media_entertainment, hospitality_tourism, education_sector, general_interest]",[non_technical],moderate,poor,general,none,regularly_updating,safe,basic,basic_reasoning,no_pii,[global],"[united_states, australia, united_kingdom, france, sweden]",1.0000096559524536,swe_Latn,0,1,<urn:uuid:5b9161fa-9c0f-4c43-9358-f7e5ae93e273>
<urn:uuid:0b429479-ef00-4a10-82fb-05e9d4fe8877>,0.6432,3,1,4,fragment,complete_content,brief,Fragment from a historical text describing the process and challenges of settling in a new homestead in Sweden.,"[procedural, instructional]","[agriculture_food, government_public]",[non_technical],dense,good,general,none,evergreen,safe,moderate,explanatory,no_pii,[european],[sweden],1.0000091791152954,swe_Latn,0,1,<urn:uuid:0b429479-ef00-4a10-82fb-05e9d4fe8877>
<urn:uuid:b641d1c7-ac5d-4fc1-8df9-52c8f959814e>,0.6407,4,2,6,complete,mostly_content,brief,"Product data sheet for Fescon F stbruk ILL, a semi-fluid mortar for laying floor plates.","[technical_documentation, procedural, reference]","[manufacturing_industrial, real_estate_construction, chemicals_materials]",[engineering],dense,good,expert,moderate,slowly_changing,safe,basic,minimal,no_pii,[european],[finland],1.0000083446502686,swe_Latn,0,1,<urn:uuid:b641d1c7-ac5d-4fc1-8df9-52c8f959814e>
cad63d42-88f9-40da-9560-8cc83a19697d,0.6229,4,2,6,complete,complete_content,substantial,"A 2012 report compiling and analyzing air emissions from industrial facilities in Vsternorrland, Sweden.","[analytical, structured_data, reference]","[government_public, manufacturing_industrial, chemicals_materials, energy_utilities]","[scientific, data_heavy]",dense,excellent,expert,none,slowly_changing,safe,moderate,analytical,no_pii,[european],[sweden],1.0000097751617432,swe_Latn,0,1,cad63d42-88f9-40da-9560-8cc83a19697d
<urn:uuid:fa375237-1021-44c0-bf4d-fd1af538b93e>,0.6151,2,0,2,mostly_complete,complete_content,minimal,Physics practice problems and solutions regarding momentum and impulse conservation in collisions.,"[instructional, qa_structured, procedural]",[education_sector],"[math_heavy, scientific]",dense,adequate,youth,none,evergreen,safe,high,analytical,no_pii,[culturally_neutral],[none],0.9999065399169922,swe_Latn,0,1,<urn:uuid:fa375237-1021-44c0-bf4d-fd1af538b93e>
<urn:uuid:a4d3f0f0-d076-4e37-8c28-82e4d90076f3>,0.5712,1,3,4,complete,complete_content,moderate,Program notes for a concert featuring violinists Augustin Hadelich and Paula Sundqvist with orchestras conducted by Lionel Bringuier.,"[reference, review_critique]",[media_entertainment],[basic_technical],dense,excellent,advanced,none,slowly_changing,safe,moderate,explanatory,no_pii,[european],[finland],0.9999603033065796,swe_Latn,0,1,<urn:uuid:a4d3f0f0-d076-4e37-8c28-82e4d90076f3>
<urn:uuid:277b0599-6c4f-4dbb-86ac-530a3ca70165>,0.5638,3,1,4,mostly_complete,mostly_content,minimal,A Swedish healthcare protocol outlining the hygiene and treatment routine for varicella and herpes zoster.,"[procedural, reference]","[healthcare_medical, government_public]",[basic_technical],thin,poor,expert,none,slowly_changing,safe,basic,minimal,no_pii,[european],[sweden],0.9999886751174927,swe_Latn,0,1,<urn:uuid:277b0599-6c4f-4dbb-86ac-530a3ca70165>
<urn:uuid:4ae9dabb-1930-44e9-a3dd-8a9e224dec65>,0.5581,4,2,6,complete,complete_content,moderate,Proposal from the board of directors of Evolution Gaming Group AB regarding a share option incentive program.,"[legal_document, analytical, procedural]","[financial_services, gaming_industry]",[basic_technical],dense,excellent,expert,none,time_sensitive,safe,basic,analytical,no_pii,[european],[sweden],1.0000098943710327,swe_Latn,0,1,<urn:uuid:4ae9dabb-1930-44e9-a3dd-8a9e224dec65>
<urn:uuid:09c864cc-f2e8-418c-a199-455d5136bd03>,0.5549,3,1,4,fragment,mixed_content,moderate,A fragmented collection of search results and snippets about a Swedish book on overcoming depression.,"[transactional, reference, structured_data]","[healthcare_medical, retail_commerce, media_entertainment]",[non_technical],thin,poor,general,heavy,slowly_changing,safe,minimal,none,no_pii,[european],[sweden],0.9999920129776001,swe_Latn,1,1,<urn:uuid:09c864cc-f2e8-418c-a199-455d5136bd03>
104a4616-5a2e-48e5-b2ab-238e79524fd4,0.5439,1,1,2,complete,complete_content,substantial,"Financial analysis report from Analyst Group evaluating Gold Town Games' revenue, valuation, and future prospects.","[analytical, structured_data, qa_structured]","[financial_services, gaming_industry, technology_software]","[data_heavy, basic_technical]",dense,excellent,advanced,moderate,regularly_updating,safe,moderate,analytical,no_pii,"[european, global]",[sweden],1.000008463859558,swe_Latn,0,1,104a4616-5a2e-48e5-b2ab-238e79524fd4
<urn:uuid:3ef24039-2e89-4703-a6af-fdae3eddc39b>,0.5153,2,2,4,complete,complete_content,brief,Lecture notes summarizing the theory and solution methods for linear ordinary differential equations using the operator D.,"[instructional, reference, analytical]","[academic_research, education_sector]",[math_heavy],thin,adequate,advanced,none,evergreen,safe,high,analytical,no_pii,[culturally_neutral],[none],0.9977852702140808,swe_Latn,0,1,<urn:uuid:3ef24039-2e89-4703-a6af-fdae3eddc39b>
<urn:uuid:981920d8-b259-4046-b0ab-6d5764c4da7f>,0.5153,1,1,2,complete,complete_content,brief,Official statement from the Swedish University of Applied Sciences regarding a review of personnel representation and committees.,"[legal_document, analytical]","[government_public, education_sector]",[non_technical],dense,excellent,expert,none,slowly_changing,safe,none,explanatory,no_pii,[european],[sweden],1.0000085830688477,swe_Latn,0,1,<urn:uuid:981920d8-b259-4046-b0ab-6d5764c4da7f>
<urn:uuid:7a34dd86-74dd-4367-b673-a3cbd88ad140>,0.5153,1,1,2,fragment,complete_content,minimal,Header for a men's elite rowing race result list from 2008 in Linkoping.,[structured_data],[general_interest],[non_technical],dense,adequate,general,none,evergreen,safe,none,none,no_pii,[european],[sweden],0.9954714179039001,swe_Latn,6,1,<urn:uuid:7a34dd86-74dd-4367-b673-a3cbd88ad140>
<urn:uuid:ee189df2-802d-4d0f-8737-f1cf98fe6de7>,0.5153,2,2,4,complete,complete_content,substantial,Guidelines for liquidity stress testing for investment companies and alternative investment funds within the EU.,"[specification_standard, legal_document, procedural]","[financial_services, government_public, legal_services]",[basic_technical],dense,excellent,expert,none,slowly_changing,safe,high,explanatory,no_pii,[european],[supranational],1.000009536743164,swe_Latn,0,3,<urn:uuid:ee189df2-802d-4d0f-8737-f1cf98fe6de7>
4e61c529-f7fb-4940-959b-0a0a20e2f935,0.5153,2,2,4,complete,complete_content,moderate,"Municipal proposal and meeting minutes for constructing two new group homes in Strand and Hanviken, Sweden.","[legal_document, technical_documentation, procedural]","[government_public, real_estate_construction, healthcare_medical]","[engineering, basic_technical]",moderate,adequate,advanced,none,time_sensitive,safe,minimal,basic_reasoning,no_pii,[european],[sweden],0.9999693632125854,swe_Latn,0,1,4e61c529-f7fb-4940-959b-0a0a20e2f935
<urn:uuid:49c10202-0311-4bbc-a27f-93bed6d1c79e>,0.5153,1,1,2,complete,complete_content,brief,Minutes from the 2017 annual general meeting of the Trskogen Villa Owners Association detailing financials and elections.,"[procedural, legal_document]","[real_estate_construction, nonprofit_ngo]",[non_technical],dense,good,general,none,evergreen,safe,none,none,contains_pii,[european],[sweden],0.999931812286377,swe_Latn,3,1,<urn:uuid:49c10202-0311-4bbc-a27f-93bed6d1c79e>
<urn:uuid:6f5f7542-b4e6-4eb0-b60c-3d47d26cad23>,0.5153,1,1,2,complete,complete_content,brief,"Announcement for a local sheepskinning workshop in Sweden offering dates, registration details, and equipment information.","[instructional, transactional]",[general_interest],[non_technical],adequate,good,general,moderate,time_sensitive,safe,basic,minimal,contains_pii,[european],[sweden],1.0000097751617432,swe_Latn,0,1,<urn:uuid:6f5f7542-b4e6-4eb0-b60c-3d47d26cad23>
<urn:uuid:a8e9d95a-bdcc-42e1-b703-03be8c52f6e1>,0.5153,1,1,2,complete,mixed_content,brief,Product page describing the features and technical specifications of the CombiCard II modular enclosure system.,"[transactional, reference]","[manufacturing_industrial, hardware_electronics]",[basic_technical],moderate,adequate,advanced,heavy,slowly_changing,safe,minimal,minimal,no_pii,[european],[sweden],0.9999079704284668,swe_Latn,0,1,<urn:uuid:a8e9d95a-bdcc-42e1-b703-03be8c52f6e1>
<urn:uuid:ae06b0bf-f0ca-4538-ab2e-242192b362bb>,0.5153,2,2,4,complete,mostly_content,brief,Official inspection report from the Swedish School Inspectorate regarding the quality of education in Lidk6ping municipality's special high school.,"[legal_document, analytical]","[government_public, education_sector]",[non_technical],dense,excellent,advanced,none,regularly_updating,safe,minimal,explanatory,no_pii,[european],[sweden],1.000007152557373,swe_Latn,0,1,<urn:uuid:ae06b0bf-f0ca-4538-ab2e-242192b362bb>
<urn:uuid:af613f7f-cb5f-4ef4-a68d-cc2393289b11>,0.5153,2,2,4,severely_degraded,complete_content,brief,"Swedish educational guidelines for a crafts class focusing on skills, materials, and presentation.","[instructional, procedural]",[education_sector],[non_technical],thin,unacceptable,youth,none,evergreen,safe,basic,basic_reasoning,no_pii,[european],[sweden],1.0000097751617432,swe_Latn,0,1,<urn:uuid:af613f7f-cb5f-4ef4-a68d-cc2393289b11>
<urn:uuid:b76ea6f8-4a36-4cf3-84a9-312fb70b05f5>,0.5153,1,1,2,complete,complete_content,minimal,"Technical specification sheet for an EPDM rubber gasket, including materials, hardness, and dimensions.","[technical_documentation, structured_data, reference]","[manufacturing_industrial, chemicals_materials]","[engineering, data_heavy]",dense,good,expert,moderate,slowly_changing,safe,minimal,none,no_pii,[culturally_neutral],[none],0.9999617338180542,swe_Latn,0,1,<urn:uuid:b76ea6f8-4a36-4cf3-84a9-312fb70b05f5>
175e726f-acf5-4a7f-ba61-79db100a51ce,0.5153,1,1,2,complete,complete_content,brief,DIY instructions for making a homemade Christmas stocking for gerbils using paper and glue.,"[instructional, procedural]",[general_interest],[non_technical],adequate,adequate,beginner,none,evergreen,safe,moderate,basic_reasoning,no_pii,[culturally_neutral],[none],1.0000100135803223,swe_Latn,0,1,175e726f-acf5-4a7f-ba61-79db100a51ce
<urn:uuid:7dac7794-5926-4ccd-b4e4-b3c32fd7f030>,0.5153,2,2,4,complete,complete_content,brief,Terms and conditions for the Swish payment service offered by ICA Banken in Sweden.,"[boilerplate, legal_document, transactional]",[financial_services],[non_technical],dense,good,general,minimal,slowly_changing,safe,minimal,minimal,no_pii,[european],[sweden],1.0000098943710327,swe_Latn,4,1,<urn:uuid:7dac7794-5926-4ccd-b4e4-b3c32fd7f030>
d64bbf57-068b-4597-8796-539a220985b8,0.5153,1,1,2,complete,complete_content,moderate,European Union regulation specifying the collection and submission of catch statistics for member states fishing in the North Atlantic Ocean.,"[legal_document, specification_standard, structured_data]","[government_public, agriculture_food]","[scientific, data_heavy]",dense,excellent,expert,none,slowly_changing,safe,minimal,explanatory,no_pii,[european],[supranational],1.000009536743164,swe_Latn,0,1,d64bbf57-068b-4597-8796-539a220985b8
<urn:uuid:69b2ac69-5192-4340-83e8-a7a96ee74e3d>,0.5153,1,1,2,complete,mostly_content,minimal,"Information page for the library mobile unit in Sweden, listing its services and schedule.","[reference, structured_data]","[government_public, education_sector]",[non_technical],dense,good,general,none,time_sensitive,safe,none,none,no_pii,[european],[sweden],0.8638753294944763,swe_Latn,0,2,<urn:uuid:69b2ac69-5192-4340-83e8-a7a96ee74e3d>
<urn:uuid:55c1d890-6eb4-4e16-90b1-01663e6734c2>,0.5153,2,2,4,complete,complete_content,moderate,"A Swedish radio organization's board proposal outlines strategies for survival, education, and budget planning.","[analytical, procedural]","[media_entertainment, nonprofit_ngo, education_sector]",[basic_technical],adequate,good,general,none,time_sensitive,safe,basic,explanatory,no_pii,[european],[sweden],1.000009298324585,swe_Latn,1,1,<urn:uuid:55c1d890-6eb4-4e16-90b1-01663e6734c2>
<urn:uuid:fd1e7ea7-31bc-4aee-81a5-95c90fd8de33>,0.5153,1,1,2,mostly_complete,mostly_content,brief,"News report summarizing expert panel recommendations for Swedish tax reform, including reinstating property tax and a unified VAT.","[news_report, analytical]","[government_public, financial_services, real_estate_construction]",[basic_technical],adequate,good,general,none,time_sensitive,safe,basic,explanatory,no_pii,[european],[sweden],1.000009536743164,swe_Latn,0,1,<urn:uuid:fd1e7ea7-31bc-4aee-81a5-95c90fd8de33>
<urn:uuid:6d348b60-271e-4b14-b41e-1c9163f82eff>,0.5153,1,1,2,complete,complete_content,moderate,A Swedish Supreme Court ruling on the legal effect of a third-party judgment in a real estate mortgage case.,"[legal_document, analytical]","[legal_services, government_public]",[non_technical],dense,excellent,expert,none,slowly_changing,safe,moderate,analytical,no_pii,[european],[sweden],1.0000098943710327,swe_Latn,0,1,<urn:uuid:6d348b60-271e-4b14-b41e-1c9163f82eff>
<urn:uuid:615dc607-e437-4ade-8f87-66eba73df26c>,0.5153,1,1,2,complete,complete_content,brief,Press release announcing a performance of George Frideric Handel's 'Alexander's Feast' in Uppsala.,[press_release],"[media_entertainment, nonprofit_ngo]",[non_technical],adequate,good,general,none,time_sensitive,safe,minimal,minimal,contains_pii,[european],[sweden],0.9999656677246094,swe_Latn,0,1,<urn:uuid:615dc607-e437-4ade-8f87-66eba73df26c>
<urn:uuid:b98a7ec3-d0c0-4dd9-81e5-a2b42195fa9c>,0.5022,1,3,4,mostly_complete,complete_content,brief,An instructional guide for teachers on analyzing cultural differences in mathematics classrooms through teamwork and interviews.,"[instructional, procedural]",[education_sector],[non_technical],moderate,poor,advanced,none,slowly_changing,safe,high,explanatory,no_pii,[european],[sweden],0.9999886751174927,swe_Latn,5,1,<urn:uuid:b98a7ec3-d0c0-4dd9-81e5-a2b42195fa9c>
<urn:uuid:7989d945-a3b8-400a-87cb-28c9bc27dfc0>,0.4993,2,2,4,mostly_complete,complete_content,moderate,"Historical record detailing the construction, daily life, and social structure of a rural Swedish estate in the late 19th century.","[reference, creative]","[agriculture_food, general_interest]",[non_technical],adequate,poor,general,none,evergreen,safe,moderate,minimal,contains_pii,[european],[sweden],1.0000100135803223,swe_Latn,1,1,<urn:uuid:7989d945-a3b8-400a-87cb-28c9bc27dfc0>
<urn:uuid:29e0b223-e061-426b-8057-a26f7d3cf71b>,0.473,2,2,4,complete,complete_content,brief,User manual providing instructions for operating and troubleshooting an HE-VA SEED-CONTROLLER soil moisture sensor.,"[instructional, procedural, technical_documentation, reference]","[agriculture_food, hardware_electronics]",[basic_technical],dense,adequate,beginner,minimal,slowly_changing,safe,moderate,minimal,no_pii,[culturally_neutral],[none],0.9853457808494568,swe_Latn,0,1,<urn:uuid:29e0b223-e061-426b-8057-a26f7d3cf71b>
<urn:uuid:ff2cf7a0-9672-4979-b353-2a2b933da3ab>,0.4491,1,3,4,fragment,complete_content,brief,"Exam paper for a vehicle dynamics course containing problems on tire forces, braking, stability, and suspension systems.","[instructional, analytical]","[academic_research, automotive_industry, transportation_logistics]","[engineering, math_heavy, scientific]",dense,good,expert,none,slowly_changing,safe,high,analytical,no_pii,[european],[sweden],0.999472439289093,swe_Latn,0,3,<urn:uuid:ff2cf7a0-9672-4979-b353-2a2b933da3ab>
<urn:uuid:b065563a-a870-47d3-a52d-ad8c974c0ee0>,0.4055,1,1,2,fragment,complete_content,minimal,"Bibliographic citation for a historical map of Ljunghem, Sweden.",[reference],[academic_research],[non_technical],dense,good,expert,none,evergreen,safe,minimal,none,no_pii,[european],[sweden],0.9620273113250732,swe_Latn,0,1,<urn:uuid:b065563a-a870-47d3-a52d-ad8c974c0ee0>
<urn:uuid:18bfc2cb-c93d-4005-ae39-c57784058ba9>,0.3856,0,2,2,complete,complete_content,brief,Procedural instructions for generating and processing Swedish VAT reports and calculations within a financial software application.,"[procedural, instructional, technical_documentation]","[financial_services, technology_software, government_public]",[basic_technical],dense,good,general,none,slowly_changing,safe,moderate,explanatory,no_pii,[european],[sweden],1.0000075101852417,swe_Latn,0,1,<urn:uuid:18bfc2cb-c93d-4005-ae39-c57784058ba9>
c6ca9393-08de-4370-8f2a-0fde5e2f1bcd,0.3808,0,2,2,complete,complete_content,moderate,Product descriptions and preparation instructions for four types of homemade pizza and pizza bases.,"[procedural, instructional, transactional, reference, structured_data]","[food_beverage_hospitality, consumer_goods]",[non_technical],moderate,good,general,heavy,evergreen,safe,moderate,none,no_pii,[european],[sweden],0.9998140931129456,swe_Latn,0,1,c6ca9393-08de-4370-8f2a-0fde5e2f1bcd
<urn:uuid:adc8245b-2f7f-468d-b777-0d6dbc53ae1f>,0.3804,1,3,4,fragment,mostly_content,moderate,"A collection of unrelated Swedish text fragments discussing culture, journalism, and various academic courses.","[instructional, analytical]","[education_sector, media_entertainment, academic_research]",[non_technical],moderate,poor,advanced,moderate,slowly_changing,safe,moderate,analytical,no_pii,"[european, north_american, oceanian]","[sweden, united_states, germany, united_kingdom, australia, russia]",1.0000087022781372,swe_Latn,0,1,<urn:uuid:adc8245b-2f7f-468d-b777-0d6dbc53ae1f>
<urn:uuid:19c066fb-f716-44c9-90f1-a54841f6f992>,0.3802,1,1,2,complete,complete_content,brief,Official minutes from the 2015 annual meeting of the Kalmar Colony Garden Association detailing resolutions and elections.,"[procedural, legal_document]","[nonprofit_ngo, environmental_services]",[non_technical],dense,good,general,none,evergreen,safe,none,minimal,contains_pii,[european],[sweden],1.0000044107437134,swe_Latn,2,1,<urn:uuid:19c066fb-f716-44c9-90f1-a54841f6f992>
<urn:uuid:7a19cd7f-96d7-4c0b-98c0-74a138b99b14>,0.3768,2,2,4,complete,complete_content,minimal,Official Swedish publication revoking regulations for the supervision of dangerous goods transport.,"[legal_document, boilerplate]","[government_public, transportation_logistics, legal_services]",[non_technical],dense,excellent,expert,none,time_sensitive,safe,none,basic_reasoning,no_pii,[european],[sweden],0.9999765157699585,swe_Latn,1,1,<urn:uuid:7a19cd7f-96d7-4c0b-98c0-74a138b99b14>
<urn:uuid:ed19a877-39d8-42ba-89b6-7d9e0ae92a2c>,0.3606,0,2,2,fragment,mostly_navigation,minimal,Header fragment listing metadata and empty participant lists for a Swedish swimming championship.,[structured_data],[general_interest],[non_technical],empty,poor,general,none,time_sensitive,safe,none,none,no_pii,[european],[sweden],0.9973954558372498,swe_Latn,0,1,<urn:uuid:ed19a877-39d8-42ba-89b6-7d9e0ae92a2c>
<urn:uuid:91b6eb3b-16ad-486d-9078-54ba040ba4d7>,0.3606,0,2,2,complete,complete_content,minimal,Brief report on a Swedish junior match between H4sselby and Jarlabanke ending in one draw and one win for Jarlabanke.,[news_report],"[gambling_betting, media_entertainment]",[non_technical],adequate,adequate,general,moderate,time_sensitive,safe,none,none,no_pii,[european],[sweden],0.9948896169662476,swe_Latn,2,1,<urn:uuid:91b6eb3b-16ad-486d-9078-54ba040ba4d7>
<urn:uuid:6067bd95-f214-4fb0-b376-1afd577677a7>,0.3606,0,2,2,severely_degraded,complete_content,moderate,A severely degraded travel itinerary for a ten-day wildlife safari in Namibia.,"[procedural, instructional]",[hospitality_tourism],[non_technical],thin,unacceptable,general,heavy,slowly_changing,safe,minimal,none,no_pii,[sub_saharan_african],[namibia],0.999984622001648,swe_Latn,0,1,<urn:uuid:6067bd95-f214-4fb0-b376-1afd577677a7>
<urn:uuid:1e545a29-c4a4-4ede-b8ef-7c6ad467bcca>,0.3606,0,2,2,complete,complete_content,moderate,Product catalog page listing technical specifications and features for In-Sink-Erator garbage disposals and garbage disposals with hot water.,"[reference, transactional, structured_data]","[consumer_goods, retail_commerce, manufacturing_industrial]",[basic_technical],dense,good,general,heavy,slowly_changing,safe,minimal,minimal,no_pii,[european],[sweden],1.000009536743164,swe_Latn,0,1,<urn:uuid:1e545a29-c4a4-4ede-b8ef-7c6ad467bcca>
<urn:uuid:0d671019-4ad9-4106-b21b-51c77e3e2bba>,0.3606,0,2,2,complete,complete_content,moderate,Christian sermon interpreting the biblical judgment day passage from Matthew 25:31-46 to explain the final salvation of humanity.,"[analytical, instructional]",[nonprofit_ngo],[non_technical],adequate,good,general,none,evergreen,safe,moderate,explanatory,no_pii,[european],[sweden],1.0000100135803223,swe_Latn,0,1,<urn:uuid:0d671019-4ad9-4106-b21b-51c77e3e2bba>
<urn:uuid:80aad4ab-2bbd-4af4-b586-6ce8959c3d8d>,0.3552,0,2,2,complete,complete_content,brief,Invitation to the  0000000000000000000000000000000000000000000000000000000000000000000000000000000000000000000000000000000000000000000000000000000000000000000000000000000000000000000000000000000000000,[press_release],"[government_public, environmental_services]",[non_technical],dense,good,general,none,time_sensitive,safe,none,none,contains_pii,[european],[sweden],1.0000097751617432,swe_Latn,0,1,<urn:uuid:80aad4ab-2bbd-4af4-b586-6ce8959c3d8d>
<urn:uuid:0654bf94-41c6-4c67-a6be-7cd2b61bfd39>,0.3515,1,3,4,severely_degraded,complete_content,brief,A list of questions for teachers to consider when implementing the SEd educational model.,"[instructional, procedural]",[education_sector],[non_technical],dense,unacceptable,general,none,slowly_changing,safe,basic,basic_reasoning,no_pii,[european],[sweden],1.0000052452087402,swe_Latn,0,1,<urn:uuid:0654bf94-41c6-4c67-a6be-7cd2b61bfd39>
<urn:uuid:4f5bfaa5-5059-4c9d-88cd-779a591cd37a>,0.3476,1,1,2,complete,mostly_content,brief,"Technical data sheet for KLINGER soft-chem sealing tape, detailing its properties and applications.","[technical_documentation, reference, transactional]","[manufacturing_industrial, chemicals_materials, energy_utilities, food_beverage_hospitality, healthcare_medical]","[engineering, scientific]",dense,good,expert,heavy,slowly_changing,safe,minimal,minimal,no_pii,[european],[sweden],0.9999943971633911,swe_Latn,0,1,<urn:uuid:4f5bfaa5-5059-4c9d-88cd-779a591cd37a>
<urn:uuid:93be267e-e9a8-4ff5-a173-fb3d7e9f2831>,0.3417,1,5,6,complete,mostly_content,moderate,"Incoherent collection of text fragments discussing keto diets, recipes, and personal anecdotes, likely generated for SEO.","[instructional, procedural, conversational]","[healthcare_medical, general_interest]",[basic_technical],thin,unacceptable,general,heavy,evergreen,safe,minimal,none,no_pii,[culturally_neutral],[none],1.0000098943710327,swe_Latn,0,1,<urn:uuid:93be267e-e9a8-4ff5-a173-fb3d7e9f2831>
<urn:uuid:c3936f49-23af-46eb-9c8f-8dce0cb7eb3e>,0.3372,0,2,2,severely_degraded,mostly_content,minimal,A poorly printed Swedish folk song titled 'Bfarns polka' with a brief dictionary entry for the word bfare.,"[creative, reference]","[media_entertainment, general_interest]",[non_technical],thin,unacceptable,general,none,evergreen,safe,minimal,none,no_pii,[european],[sweden],0.9992114901542664,swe_Latn,1,1,<urn:uuid:c3936f49-23af-46eb-9c8f-8dce0cb7eb3e>
70bb4db1-6dc8-4501-b653-cf47b25324f8,0.3314,2,2,4,complete,complete_content,moderate,Product brochure detailing specifications and features of various garage door opener models from Sommer and Aperto.,"[transactional, reference, technical_documentation]","[manufacturing_industrial, retail_commerce, real_estate_construction]","[engineering, data_heavy]",dense,good,general,heavy,slowly_changing,safe,minimal,minimal,no_pii,[european],"[sweden, germany]",0.9999903440475464,swe_Latn,0,1,70bb4db1-6dc8-4501-b653-cf47b25324f8
<urn:uuid:c59e16c6-777e-4340-b140-35f86e02d6b0>,0.3283,1,5,6,fragment,mixed_content,brief,A collection of search result snippets for books about Swedish history by Anders Fryxell.,"[transactional, reference]","[academic_research, retail_commerce]",[non_technical],thin,poor,general,moderate,evergreen,safe,minimal,none,no_pii,[european],[sweden],0.9937993884086609,swe_Latn,0,1,<urn:uuid:c59e16c6-777e-4340-b140-35f86e02d6b0>
<urn:uuid:f9be74eb-4ea7-47c6-bf90-a0b7baa8c679>,0.3265,0,2,2,fragment,complete_content,minimal,"Fragmented list of customer invoices for refrigerated transport services showing order numbers, dates, and tonnage.","[structured_data, transactional]","[transportation_logistics, agriculture_food]",[non_technical],thin,poor,general,none,time_sensitive,safe,none,none,no_pii,"[european, south_asian]","[sweden, india]",0.8749608993530273,swe_Latn,0,1,<urn:uuid:f9be74eb-4ea7-47c6-bf90-a0b7baa8c679>
<urn:uuid:0475609e-7be5-4f3c-a7d6-89fdd844763c>,0.3142,1,3,4,fragment,mostly_navigation,minimal,Fragment of a product database entry for a food item containing storage specifications and company identifiers.,"[structured_data, transactional]","[food_beverage_hospitality, wholesale_distribution]",[non_technical],thin,poor,general,moderate,slowly_changing,safe,none,none,no_pii,[european],[sweden],0.9999860525131226,swe_Latn,0,1,<urn:uuid:0475609e-7be5-4f3c-a7d6-89fdd844763c>
15e6c994-7eb0-452b-ac70-4c8ac600724d,0.3093,0,4,4,complete,complete_content,brief,Informational text for parents about a child's health check-up at age three.,[instructional],"[healthcare_medical, government_public]",[non_technical],adequate,good,general,none,slowly_changing,safe,basic,minimal,no_pii,[european],[sweden],1.0000098943710327,swe_Latn,0,1,15e6c994-7eb0-452b-ac70-4c8ac600724d
58953c5a-5192-48cf-a98f-8d18b443aca0,0.3088,0,2,2,complete,mostly_content,moderate,"A news report discusses the environmental impact of offshore wind power on marine life in Sweden, followed by unrelated articles.","[news_report, analytical, opinion_editorial]","[energy_utilities, environmental_services, government_public, general_interest]",[basic_technical],adequate,good,general,none,regularly_updating,safe,moderate,explanatory,no_pii,[european],[sweden],1.0000096559524536,swe_Latn,0,1,58953c5a-5192-48cf-a98f-8d18b443aca0
<urn:uuid:a6c04244-5384-4a1e-9125-1063b4c34b85>,0.3088,0,2,2,fragment,complete_content,minimal,Fragmented list of results and rankings from a Swedish esports tournament.,[structured_data],"[gaming_industry, media_entertainment]",[non_technical],thin,poor,general,none,time_sensitive,safe,none,none,contains_pii,[european],[sweden],0.9774790406227112,swe_Latn,0,1,<urn:uuid:a6c04244-5384-4a1e-9125-1063b4c34b85>
<urn:uuid:655ac686-02f5-4638-acb4-3372065d5eac>,0.3024,0,2,2,fragment,mostly_content,minimal,Fragmented Swedish instructions for validating public observations of wildlife in the Skandobs database.,"[instructional, procedural]","[environmental_services, nonprofit_ngo]",[basic_technical],thin,poor,general,none,slowly_changing,safe,minimal,none,no_pii,[european],[sweden],1.0000081062316895,swe_Latn,0,1,<urn:uuid:655ac686-02f5-4638-acb4-3372065d5eac>
<urn:uuid:edb58c15-e916-47f2-999b-49d32766529d>,0.3024,0,2,2,mostly_complete,mostly_content,minimal,Recipe listing ingredients and preparation steps for a spicy shrimp and avocado salad.,"[procedural, instructional]","[food_beverage_hospitality, general_interest]",[non_technical],moderate,adequate,general,minimal,evergreen,safe,basic,none,no_pii,[european],[sweden],0.9998088479042053,swe_Latn,0,1,<urn:uuid:edb58c15-e916-47f2-999b-49d32766529d>
1c6601cf-3f92-4edb-80dd-0d55df101549,0.2947,0,2,2,complete,complete_content,substantial,Official agenda and detailed local supply plan for the Hllefors municipal council meeting in December 2019.,"[legal_document, procedural, analytical, technical_documentation]","[government_public, real_estate_construction, education_sector, healthcare_medical]","[data_heavy, basic_technical]",dense,excellent,expert,none,time_sensitive,safe,basic,analytical,no_pii,[european],[sweden],1.000006914138794,swe_Latn,0,1,1c6601cf-3f92-4edb-80dd-0d55df101549
92d4eb2a-c2f6-4ae9-b9be-e7ae4da6af33,0.2947,0,2,2,complete,complete_content,moderate,"Minutes from the Eskilstuna municipal companies' board meeting detailing reports, financial approvals, and property decisions.","[legal_document, procedural]","[government_public, energy_utilities, real_estate_construction, transportation_logistics, hospitality_tourism]",[basic_technical],dense,good,advanced,none,time_sensitive,safe,minimal,basic_reasoning,no_pii,[european],[sweden],1.0000065565109253,swe_Latn,0,1,92d4eb2a-c2f6-4ae9-b9be-e7ae4da6af33
<urn:uuid:a150e3a1-40e5-4f55-add8-f64144782ec4>,0.2947,0,2,2,complete,complete_content,moderate,A municipal agency's formal review and recommendations on proposed guidelines for handling support cases for the elderly.,"[analytical, legal_document]","[government_public, healthcare_medical]",[non_technical],dense,excellent,expert,none,slowly_changing,safe,minimal,analytical,no_pii,[european],[sweden],1.0000098943710327,swe_Latn,0,1,<urn:uuid:a150e3a1-40e5-4f55-add8-f64144782ec4>
<urn:uuid:b9c1077e-6d92-401a-baff-399d8a875fea>,0.2947,0,2,2,complete,complete_content,minimal,Catering menu from a Swedish restaurant listing main courses and prices.,"[transactional, structured_data]",[food_beverage_hospitality],[non_technical],dense,adequate,general,pure_marketing,regularly_updating,safe,none,none,no_pii,[european],[sweden],0.997969388961792,swe_Latn,0,1,<urn:uuid:b9c1077e-6d92-401a-baff-399d8a875fea>
<urn:uuid:b9729ce4-b196-4d25-966e-ea751d524aa8>,0.2947,0,2,2,complete,complete_content,brief,Application form for a permit to handle flammable and explosive substances in Sweden.,"[legal_document, procedural, boilerplate]","[government_public, chemicals_materials]",[basic_technical],dense,good,expert,none,slowly_changing,safe,minimal,none,no_pii,[european],[sweden],1.0000061988830566,swe_Latn,0,1,<urn:uuid:b9729ce4-b196-4d25-966e-ea751d524aa8>
<urn:uuid:534b5ec2-f600-4d0e-bde5-ac7d2978a98f>,0.2947,0,2,2,complete,complete_content,minimal,"Catalog entry for a Swedish folk painting titled ""Visa from G6tlunda"" by Karl Johan Pettersson.","[structured_data, reference]","[media_entertainment, general_interest]",[non_technical],dense,adequate,general,minimal,evergreen,safe,minimal,none,no_pii,[european],[sweden],0.9995583891868591,swe_Latn,1,1,<urn:uuid:534b5ec2-f600-4d0e-bde5-ac7d2978a98f>
<urn:uuid:56cf201f-bca3-4f01-8b29-c5cca8c7b293>,0.2947,0,2,2,severely_degraded,mostly_content,brief,A Swedish traffic safety worksheet for young children with instructions and questions.,"[instructional, procedural]","[education_sector, government_public]",[non_technical],thin,unacceptable,children,none,slowly_changing,safe,basic,minimal,no_pii,[european],[sweden],1.0000094175338745,swe_Latn,1,1,<urn:uuid:56cf201f-bca3-4f01-8b29-c5cca8c7b293>
<urn:uuid:5f4e71fb-0745-456e-a37d-7338cfe29695>,0.2947,0,2,2,complete,complete_content,brief,A formal union statement opposing the Swedish government's proposal to abolish the tax deduction for trade union fees.,"[opinion_editorial, analytical]","[government_public, nonprofit_ngo, human_resources]",[non_technical],dense,excellent,advanced,none,time_sensitive,safe,basic,explanatory,no_pii,[european],[sweden],1.0000100135803223,swe_Latn,0,2,<urn:uuid:5f4e71fb-0745-456e-a37d-7338cfe29695>
<urn:uuid:046abfe0-0edc-4278-a48e-77c601595190>,0.2947,0,2,2,fragment,complete_content,minimal,Partial solution to a multivariable calculus problem finding points on a surface with a specific tangent plane property.,"[instructional, analytical]",[education_sector],[math_heavy],dense,adequate,advanced,none,evergreen,safe,moderate,analytical,no_pii,[culturally_neutral],[none],1.0000063180923462,swe_Latn,0,1,<urn:uuid:046abfe0-0edc-4278-a48e-77c601595190>
<urn:uuid:a80e23a5-496f-40df-9606-b6c24703d505>,0.2947,0,2,2,complete,complete_content,moderate,Minutes from a project steering group meeting for the MIA Roslagen local social innovation initiative in Sweden.,"[procedural, analytical]","[government_public, nonprofit_ngo]",[non_technical],dense,good,advanced,none,time_sensitive,safe,moderate,analytical,no_pii,[european],[sweden],1.0000096559524536,swe_Latn,0,1,<urn:uuid:a80e23a5-496f-40df-9606-b6c24703d505>
<urn:uuid:35af2409-524f-4e12-9635-41ac9e57ca55>,0.2947,0,2,2,complete,complete_content,brief,"Proposal for a regional agreement on sustainable integration in ","[legal_document, boilerplate]","[government_public, education_sector]",[non_technical],thin,adequate,expert,none,time_sensitive,safe,none,minimal,no_pii,[european],[sweden],1.0000090599060059,swe_Latn,1,1,<urn:uuid:35af2409-524f-4e12-9635-41ac9e57ca55>
<urn:uuid:271d64d6-1e4f-4653-bc6d-3cb7cafc9653>,0.2947,0,2,2,fragment,complete_content,minimal,"Preliminary results from the 2010 ",[structured_data],[general_interest],[non_technical],thin,poor,general,none,time_sensitive,safe,none,none,contains_pii,[european],[sweden],0.9708746075630188,swe_Latn,0,1,<urn:uuid:271d64d6-1e4f-4653-bc6d-3cb7cafc9653>
<urn:uuid:1b05ba40-d57c-414b-995d-66afbdc6dc22>,0.2903,0,2,2,severely_degraded,complete_content,brief,"Exam paper with questions on research methodology, statistics, and scientific theory.","[instructional, analytical]","[academic_research, education_sector]","[math_heavy, scientific, data_heavy]",dense,unacceptable,advanced,none,slowly_changing,safe,high,analytical,no_pii,[european],[sweden],1.000003695487976,swe_Latn,0,1,<urn:uuid:1b05ba40-d57c-414b-995d-66afbdc6dc22>
08a3c629-a982-4e24-ab1b-cab9642bf24e,0.2707,1,1,2,complete,complete_content,substantial,Technical report summarizing properties and life cycle assessments of bio-based building materials for climate-neutral construction.,"[analytical, technical_documentation, reference]","[real_estate_construction, manufacturing_industrial, environmental_services, academic_research]","[engineering, scientific, data_heavy]",dense,excellent,expert,none,slowly_changing,safe,high,analytical,no_pii,[european],"[sweden, denmark, netherlands]",1.000008463859558,swe_Latn,0,1,08a3c629-a982-4e24-ab1b-cab9642bf24e
<urn:uuid:f2d06d49-9b31-48ef-9f8b-0a2caf7602ab>,0.2667,1,5,6,complete,complete_content,brief,"A syllabus for a course on industrial system technology, covering signal processing, automation, and optimization.","[instructional, reference]","[manufacturing_industrial, technology_software, automotive_industry, transportation_logistics, academic_research]","[engineering, scientific, data_heavy]",dense,good,advanced,none,slowly_changing,safe,high,explanatory,no_pii,[european],[sweden],0.9978326559066772,swe_Latn,1,1,<urn:uuid:f2d06d49-9b31-48ef-9f8b-0a2caf7602ab>
<urn:uuid:7b9b1b5c-47b4-4463-90f9-3e2a4b13a15f>,0.2426,0,2,2,fragment,complete_content,minimal,"Header and footnotes for the schedule of the Scandic Indoor Games held on January 28, 2023.",[structured_data],"[media_entertainment, general_interest]",[non_technical],thin,adequate,general,none,time_sensitive,safe,none,none,no_pii,[european],[sweden],0.9997442364692688,swe_Latn,0,1,<urn:uuid:7b9b1b5c-47b4-4463-90f9-3e2a4b13a15f>
<urn:uuid:5cb63cc9-a9a3-435b-b6b4-b966b52254ab>,0.2348,0,4,4,fragment,complete_content,minimal,Fragment of a Swedish conversation containing slang and incoherent text.,[conversational],[general_interest],[non_technical],empty,unacceptable,general,none,evergreen,mild_concerns,none,none,no_pii,[european],[sweden],0.9998495578765869,swe_Latn,1,1,<urn:uuid:5cb63cc9-a9a3-435b-b6b4-b966b52254ab>
<urn:uuid:3a08c63d-6f3d-4765-a90b-ddebcec7d852>,0.2348,0,4,4,complete,complete_content,minimal,"A structured list of Swedish tasting notes for wine, including terms for light, dark, sweet, and bitter.","[structured_data, reference]",[food_beverage_hospitality],[non_technical],dense,adequate,general,none,evergreen,safe,basic,none,no_pii,[european],[sweden],0.9963348507881165,swe_Latn,0,1,<urn:uuid:3a08c63d-6f3d-4765-a90b-ddebcec7d852>
<urn:uuid:79977115-7609-4382-8f93-1ac7c097d109>,0.2322,0,2,2,complete,complete_content,moderate,Presentation analyzing the digital disruption of the transportation industry by technology and on-demand apps.,"[analytical, opinion_editorial]","[transportation_logistics, technology_software, automotive_industry]",[basic_technical],adequate,good,advanced,minimal,slowly_changing,safe,moderate,explanatory,no_pii,[european],"[sweden, supranational]",0.9998700618743896,swe_Latn,0,1,<urn:uuid:79977115-7609-4382-8f93-1ac7c097d109>
<urn:uuid:18a6d7ca-0717-4a9d-9363-2a241a8ab8c7>,0.2065,0,4,4,complete,complete_content,brief,Review of Liza Alexandrova-Zorina's book 'Imperiets barn' about the Russian diaspora in Sweden.,"[review_critique, analytical]","[media_entertainment, general_interest]",[non_technical],dense,excellent,advanced,none,slowly_changing,safe,moderate,analytical,no_pii,"[european, russian_sphere]","[sweden, russia]",1.000009298324585,swe_Latn,0,1,<urn:uuid:18a6d7ca-0717-4a9d-9363-2a241a8ab8c7>
<urn:uuid:af7eb2f5-5a1c-4eb0-be44-898a71932e6a>,0.1959,0,2,2,complete,complete_content,brief,"An outline of the 2024 value foundation implementation process for Hammarby Fotboll, detailing activities and criteria.","[procedural, boilerplate]","[nonprofit_ngo, general_interest]",[non_technical],dense,good,general,none,time_sensitive,safe,basic,minimal,contains_pii,[european],[sweden],1.0000097751617432,swe_Latn,0,1,<urn:uuid:af7eb2f5-5a1c-4eb0-be44-898a71932e6a>
6aa0d4b5-4534-4a45-9f51-bc02ede4bac4,0.1574,1,5,6,complete,complete_content,moderate,"Minutes from a 1899 Swedish entomological society meeting covering new members, a climate experiment on insects, and a lecture on African day-fleas.","[news_report, analytical, reference, structured_data]","[academic_research, nonprofit_ngo]",[scientific],dense,good,advanced,none,evergreen,safe,moderate,analytical,no_pii,[european],[sweden],0.9999874830245972,swe_Latn,0,1,6aa0d4b5-4534-4a45-9f51-bc02ede4bac4
<urn:uuid:cf578804-d34e-46fe-b577-dd114e0f8ef8>,0.1525,0,4,4,severely_degraded,mostly_content,minimal,A severely corrupted Swedish template for a purchase cancellation form.,"[boilerplate, transactional]",[retail_commerce],[non_technical],empty,unacceptable,general,none,evergreen,safe,none,none,no_pii,[european],[sweden],0.998314380645752,swe_Latn,0,1,<urn:uuid:cf578804-d34e-46fe-b577-dd114e0f8ef8>
724fac33-417f-47df-9d7a-063819ae212a,0.1014,0,6,6,complete,complete_content,moderate,Training material outlining methods for milk and dairy product quality control through self-monitoring and HACCP.,"[instructional, procedural, technical_documentation]","[agriculture_food, food_beverage_hospitality, education_sector]","[scientific, basic_technical]",thin,poor,advanced,none,slowly_changing,safe,high,explanatory,no_pii,"[european, global]",[none],1.0000040531158447,swe_Latn,0,1,724fac33-417f-47df-9d7a-063819ae212a
<urn:uuid:9d8f8870-5ecd-4804-af8d-ce26804e997b>,0.036,0,6,6,complete,complete_content,brief,Covering agreement between a horse breeder and a stud farm outlining terms for the stud service.,"[legal_document, transactional]",[agriculture_food],[basic_technical],dense,good,expert,none,time_sensitive,safe,none,none,contains_pii,[european],[sweden],0.9997918009757996,swe_Latn,2,2,<urn:uuid:9d8f8870-5ecd-4804-af8d-ce26804e997b>
<urn:uuid:2fcce52f-794a-48c7-9bf8-ac7f25f70737>,0.0307,0,2,2,fragment,mostly_content,moderate,"A collection of disconnected Swedish text fragments about architecture, history, and politics, likely from a download page.","[transactional, boilerplate, news_report]","[real_estate_construction, government_public, media_entertainment]",[non_technical],thin,poor,general,moderate,slowly_changing,safe,minimal,minimal,contains_pii,[european],"[sweden, germany, hungary, united_states]",1.0000087022781372,swe_Latn,0,1,<urn:uuid:2fcce52f-794a-48c7-9bf8-ac7f25f70737>
<urn:uuid:5f3c05d7-05d4-4b80-8206-acec6186cab7>,0.0,0,4,4,severely_degraded,minimal_content,minimal,Corrupted text with a title and metadata from a Swedish music notes download site.,[structured_data],[media_entertainment],[non_technical],empty,unacceptable,general,minimal,evergreen,safe,none,none,no_pii,[european],[sweden],0.9824137687683105,swe_Latn,0,1,<urn:uuid:5f3c05d7-05d4-4b80-8206-acec6186cab7>
